dakika,pcb_c,tcxo_v,besleme_v,servo_state,locked
0.0,25.293,1.656,11.7,0,0
0.042,26.0535,1.658,11.71,0,0
0.083,26.7923,1.665,11.7,0,0
0.125,27.5101,1.658,11.69,0,0
0.167,28.2074,1.658,11.7,0,0
0.208,28.8849,1.662,11.7,0,0
0.25,29.543,1.66,11.72,0,0
0.292,30.1825,1.656,11.7,0,0
0.333,30.8038,1.665,11.69,0,0
0.375,31.4075,1.66,11.69,0,0
0.417,31.9941,1.656,11.71,0,0
0.458,32.5642,1.66,11.71,0,0
0.5,33.1181,1.664,11.7,0,0
0.542,33.6564,1.656,11.69,0,0
0.583,34.1796,1.662,11.69,0,0
0.625,34.6881,1.662,11.71,0,0
0.667,35.1824,1.657,11.71,0,0
0.708,35.6628,1.657,11.69,0,0
0.75,36.1299,1.666,11.69,0,0
0.792,36.584,1.658,11.7,0,0
0.833,37.0256,1.659,11.7,0,0
0.875,37.4549,1.661,11.71,0,0
0.917,37.8723,1.661,11.7,0,0
0.958,38.2783,1.655,11.68,0,0
1.0,38.6731,1.666,11.71,0,0
1.042,39.0571,1.66,11.71,0,0
1.083,39.4305,1.657,11.7,0,0
1.125,39.7937,1.659,11.69,0,0
1.167,40.147,1.664,11.69,0,0
1.208,40.4906,1.655,11.7,0,0
1.25,40.8248,1.663,11.72,0,0
1.292,41.1499,1.662,11.7,0,0
1.333,41.4661,1.658,11.68,0,0
1.375,41.7736,1.656,11.7,0,0
1.417,42.0727,1.666,11.71,0,0
1.458,42.3635,1.657,11.71,0,0
1.5,42.6464,1.66,11.7,0,0
1.542,42.9214,1.661,11.69,0,0
1.583,43.1889,1.661,11.69,0,0
1.625,43.4489,1.654,11.72,0,0
1.667,43.7017,1.666,11.71,0,0
1.708,43.9473,1.66,11.69,0,0
1.75,44.1861,1.658,11.69,0,0
1.792,44.4182,1.659,11.7,0,0
1.833,44.6437,1.664,11.71,0,0
1.875,44.8628,1.654,11.71,0,0
1.917,45.0756,1.663,11.69,0,0
1.958,45.2823,1.662,11.68,0,0
2.0,45.483,1.658,11.71,2,0
2.042,45.678,1.656,11.71,2,0
2.083,45.8673,1.665,11.7,2,0
2.125,46.0511,1.657,11.69,2,0
2.167,46.2295,1.66,11.69,2,0
2.208,46.4027,1.662,11.7,2,0
2.25,46.5708,1.661,11.72,2,0
2.292,46.734,1.654,11.7,2,0
2.333,46.8924,1.665,11.68,2,0
2.375,47.0461,1.661,11.7,2,0
2.417,47.1954,1.658,11.7,2,0
2.458,47.3402,1.66,11.71,2,0
2.5,47.4809,1.663,11.7,2,0
2.542,47.6174,1.654,11.69,2,0
2.583,47.75,1.662,11.69,2,0
2.625,47.8788,1.663,11.72,2,0
2.667,48.004,1.658,11.7,2,0
2.708,48.1256,1.657,11.69,2,0
2.75,48.2438,1.664,11.7,2,0
2.792,48.3587,1.657,11.69,2,0
2.833,48.4705,1.659,11.71,2,0
2.875,48.5794,1.663,11.71,2,0
2.917,48.6853,1.66,11.69,2,0
2.958,48.7885,1.655,11.69,2,0
3.0,48.889,1.663,11.71,2,0
3.042,48.9871,1.661,11.7,2,0
3.083,49.0827,1.658,11.71,2,0
3.125,49.176,1.661,11.7,2,0
3.167,49.2671,1.662,11.69,2,0
3.208,49.3561,1.655,11.7,2,0
3.25,49.4431,1.661,11.71,2,0
3.292,49.5282,1.664,11.7,2,0
3.333,49.6114,1.658,11.69,2,0
3.375,49.6929,1.658,11.7,2,0
3.417,49.7727,1.663,11.7,2,0
3.458,49.8508,1.658,11.71,2,0
3.5,49.9274,1.658,11.7,2,0
3.542,50.0025,1.665,11.69,2,0
3.583,50.076,1.66,11.7,2,0
3.625,50.1482,1.656,11.71,2,0
3.667,50.2189,1.662,11.7,2,0
3.708,50.2883,1.662,11.7,2,0
3.75,50.3563,1.657,11.7,2,0
3.792,50.4229,1.663,11.69,2,0
3.833,50.4883,1.662,11.71,2,0
3.875,50.5524,1.656,11.71,2,0
3.917,50.6151,1.659,11.69,2,0
3.958,50.6766,1.665,11.69,2,0
4.0,50.7367,1.657,11.71,2,0
4.042,50.7955,1.66,11.7,2,0
4.083,50.853,1.662,11.71,2,0
4.125,50.9092,1.658,11.7,2,0
4.167,50.964,1.656,11.68,2,0
4.208,51.0175,1.666,11.71,2,0
4.25,51.0696,1.659,11.71,2,0
4.292,51.1204,1.657,11.7,2,0
4.333,51.1697,1.661,11.69,2,0
4.375,51.2176,1.662,11.7,2,0
4.417,51.2641,1.655,11.7,2,0
4.458,51.3092,1.664,11.72,2,0
4.5,51.3528,1.661,11.7,2,0
4.542,51.395,1.657,11.68,2,0
4.583,51.4358,1.658,11.7,2,0
4.625,51.4751,1.665,11.71,2,0
4.667,51.5129,1.656,11.71,2,0
4.708,51.5493,1.661,11.7,2,0
4.75,51.5843,1.662,11.69,2,0
4.792,51.6179,1.659,11.69,2,0
4.833,51.6501,1.655,11.72,2,0
4.875,51.681,1.666,11.71,2,0
4.917,51.7105,1.659,11.69,2,0
4.958,51.7387,1.658,11.69,2,0
5.0,51.7657,1.66,11.7,2,0
5.042,51.7914,1.662,11.71,2,0
5.083,51.816,1.654,11.71,2,0
5.125,51.8395,1.665,11.69,2,0
5.167,51.8619,1.661,11.68,2,0
5.208,51.8833,1.658,11.71,2,0
5.25,51.9037,1.657,11.71,2,0
5.292,51.9233,1.665,11.7,2,0
5.333,51.9421,1.656,11.69,2,0
5.375,51.9602,1.662,11.69,2,0
5.417,51.9775,1.662,11.7,2,0
5.458,51.9943,1.659,11.72,2,0
5.5,52.0106,1.655,11.7,2,0
5.542,52.0264,1.666,11.68,2,0
5.583,52.0418,1.659,11.7,2,0
5.625,52.0569,1.659,11.71,2,0
5.667,52.0718,1.661,11.71,2,0
5.708,52.0866,1.662,11.7,2,0
5.75,52.1012,1.654,11.69,2,0
5.792,52.1159,1.664,11.69,2,0
5.833,52.1305,1.662,11.72,2,0
5.875,52.1453,1.658,11.7,2,0
5.917,52.1601,1.658,11.69,2,0
5.958,52.1752,1.664,11.7,2,0
6.0,52.1906,1.655,11.7,2,0
6.042,52.2062,1.661,11.71,2,0
6.083,52.2221,1.663,11.71,2,0
6.125,52.2384,1.659,11.69,2,0
6.167,52.255,1.655,11.69,2,0
6.208,52.272,1.665,11.71,2,0
6.25,52.2894,1.659,11.71,2,0
6.292,52.3073,1.659,11.7,2,0
6.333,52.3255,1.662,11.69,2,0
6.375,52.3441,1.662,11.69,2,0
6.417,52.3631,1.654,11.71,2,0
6.458,52.3825,1.663,11.71,2,0
6.5,52.4023,1.662,11.7,2,0
6.542,52.4223,1.658,11.68,2,0
6.583,52.4426,1.659,11.7,2,0
6.625,52.4632,1.663,11.7,2,0
6.667,52.484,1.656,11.71,2,0
6.708,52.5049,1.66,11.7,2,0
6.75,52.526,1.664,11.69,2,0
6.792,52.5471,1.659,11.7,2,0
6.833,52.5682,1.656,11.72,2,0
6.875,52.5892,1.663,11.7,2,0
6.917,52.6101,1.659,11.69,2,0
6.958,52.6308,1.658,11.7,2,0
7.0,52.6513,1.663,11.69,2,0
7.042,52.6715,1.661,11.71,2,0
7.083,52.6913,1.655,11.71,2,0
7.125,52.7107,1.661,11.69,2,0
7.167,52.7296,1.663,11.69,2,0
7.208,52.748,1.657,11.71,2,0
7.25,52.7658,1.661,11.71,2,0
7.292,52.7829,1.663,11.7,2,0
7.333,52.7994,1.656,11.69,2,0
7.375,52.815,1.659,11.69,2,0
7.417,52.8299,1.665,11.71,2,0
7.458,52.844,1.658,11.71,2,0
7.5,52.8573,1.658,11.7,2,0
7.542,52.8696,1.662,11.69,2,0
7.583,52.881,1.66,11.7,2,0
7.625,52.8916,1.656,11.7,2,0
7.667,52.9011,1.665,11.71,2,0
7.708,52.9098,1.661,11.7,2,0
7.75,52.9174,1.656,11.68,2,0
7.792,52.9242,1.66,11.7,2,0
7.833,52.9299,1.664,11.71,2,0
7.875,52.9348,1.656,11.7,2,0
7.917,52.9387,1.662,11.69,2,0
7.958,52.9417,1.662,11.7,2,0
8.0,52.9439,1.657,11.69,2,0
8.042,52.9452,1.657,11.72,2,0
8.083,52.9457,1.666,11.7,2,0
8.125,52.9454,1.658,11.69,2,0
8.167,52.9443,1.659,11.69,2,0
8.208,52.9426,1.661,11.71,2,0
8.25,52.9402,1.66,11.71,2,0
8.292,52.9371,1.655,11.7,2,0
8.333,52.9335,1.666,11.69,2,0
8.375,52.9294,1.66,11.68,2,0
8.417,52.9248,1.657,11.71,2,0
8.458,52.9197,1.659,11.71,2,0
8.5,52.9142,1.664,11.7,2,0
8.542,52.9084,1.655,11.69,2,0
8.583,52.9023,1.663,11.7,2,0
8.625,52.8959,1.662,11.7,2,0
8.667,52.8893,1.658,11.71,2,0
8.708,52.8825,1.656,11.7,2,0
8.75,52.8756,1.666,11.68,2,0
8.792,52.8685,1.657,11.71,2,0
8.833,52.8614,1.66,11.71,2,0
8.875,52.8541,1.661,11.7,2,0
8.917,52.8469,1.661,11.7,2,0
8.958,52.8396,1.654,11.69,2,0
9.0,52.8323,1.666,11.69,2,0
9.042,52.8251,1.66,11.72,2,0
9.083,52.8178,1.658,11.7,2,0
9.125,52.8106,1.659,11.69,2,0
9.167,52.8034,1.664,11.7,2,0
9.208,52.7963,1.654,11.7,2,0
9.25,52.7892,1.663,11.71,2,0
9.292,52.7821,1.662,11.7,2,0
9.333,52.7751,1.658,11.69,2,0
9.375,52.768,1.656,11.69,2,0
9.417,52.761,1.665,11.72,2,0
9.458,52.754,1.657,11.71,2,0
9.5,52.7469,1.66,11.7,2,0
9.542,52.7399,1.662,11.69,2,0
9.583,52.7328,1.661,11.69,2,0
9.625,52.7256,1.654,11.71,2,0
9.667,52.7184,1.665,11.71,2,0
9.708,52.711,1.661,11.7,2,0
9.75,52.7036,1.658,11.68,2,0
9.792,52.6961,1.66,11.71,2,0
9.833,52.6885,1.663,11.7,2,0
9.875,52.6807,1.654,11.71,2,0
9.917,52.6728,1.662,11.7,2,0
9.958,52.6648,1.663,11.69,2,0
10.0,52.6567,1.658,11.7,2,0
10.042,52.6484,1.657,11.72,2,0
10.083,52.64,1.664,11.7,2,0
10.125,52.6315,1.657,11.69,2,0
10.167,52.6229,1.659,11.7,2,0
10.208,52.6143,1.663,11.7,2,0
10.25,52.6055,1.66,11.71,2,0
10.292,52.5968,1.654,11.7,2,0
10.333,52.588,1.664,11.69,2,0
10.375,52.5792,1.661,11.69,2,0
10.417,52.5705,1.658,11.71,2,0
10.458,52.5619,1.661,11.71,2,0
10.5,52.5534,1.662,11.7,2,0
10.542,52.5451,1.655,11.69,2,0
10.583,52.537,1.661,11.69,2,0
10.625,52.5291,1.664,11.71,2,0
10.667,52.5215,1.658,11.71,2,0
10.708,52.5143,1.658,11.69,2,0
10.75,52.5075,1.663,11.69,2,0
10.792,52.5011,1.658,11.71,2,0
10.833,52.4952,1.658,11.7,2,0
10.875,52.4898,1.665,11.71,2,0
10.917,52.4851,1.66,11.7,2,0
10.958,52.4809,1.656,11.68,2,0
11.0,52.4775,1.662,11.7,2,0
11.042,52.4747,1.662,11.71,2,0
11.083,52.4728,1.657,11.7,2,0
11.125,52.4716,1.663,11.69,2,0
11.167,52.4712,1.662,11.7,2,0
11.208,52.4717,1.656,11.7,2,0
11.25,52.473,1.659,11.72,2,0
11.292,52.4752,1.665,11.7,2,0
11.333,52.4784,1.657,11.69,2,0
11.375,52.4825,1.66,11.69,2,0
11.417,52.4875,1.662,11.71,2,0
11.458,52.4934,1.658,11.71,2,0
11.5,52.5002,1.657,11.7,2,0
11.542,52.5079,1.666,11.69,2,0
11.583,52.5166,1.659,11.69,2,0
11.625,52.5261,1.657,11.71,2,0
11.667,52.5364,1.661,11.71,2,0
11.708,52.5475,1.662,11.69,2,0
11.75,52.5594,1.655,11.69,2,0
11.792,52.572,1.664,11.7,2,0
11.833,52.5853,1.661,11.7,2,0
11.875,52.5992,1.657,11.71,2,0
11.917,52.6137,1.658,11.7,2,0
11.958,52.6286,1.665,11.68,2,0
12.0,52.644,1.656,11.71,2,0
12.042,52.6598,1.661,11.71,2,0
12.083,52.6759,1.662,11.7,2,0
12.125,52.6922,1.659,11.69,2,0
12.167,52.7086,1.655,11.69,2,0
12.208,52.7252,1.666,11.7,2,0
12.25,52.7417,1.659,11.72,2,0
12.292,52.7582,1.658,11.7,2,0
12.333,52.7745,1.66,11.68,2,0
12.375,52.7906,1.662,11.7,2,0
12.417,52.8065,1.654,11.71,2,0
12.458,52.8219,1.665,11.71,2,0
12.5,52.837,1.661,11.7,2,0
12.542,52.8516,1.658,11.69,2,0
12.583,52.8656,1.657,11.69,2,0
12.625,52.8791,1.665,11.72,2,0
12.667,52.8919,1.656,11.71,2,0
12.708,52.904,1.662,11.69,2,0
12.75,52.9153,1.662,11.69,2,0
12.792,52.9259,1.659,11.7,2,0
12.833,52.9357,1.655,11.71,2,0
12.875,52.9447,1.666,11.71,2,0
12.917,52.9528,1.659,11.69,2,0
12.958,52.96,1.659,11.68,2,0
13.0,52.9664,1.661,11.71,2,0
13.042,52.9719,1.662,11.71,2,0
13.083,52.9766,1.654,11.7,2,0
13.125,52.9804,1.664,11.69,2,0
13.167,52.9833,1.662,11.69,2,0
13.208,52.9855,1.658,11.7,2,0
13.25,52.9868,1.658,11.72,2,0
13.292,52.9874,1.665,11.7,2,0
13.333,52.9873,1.655,11.68,2,0
13.375,52.9865,1.661,11.7,2,0
13.417,52.9851,1.663,11.7,2,0
13.458,52.983,1.659,11.71,2,0
13.5,52.9805,1.655,11.7,2,0
13.542,52.9774,1.665,11.69,2,0
13.583,52.9739,1.659,11.69,2,0
13.625,52.97,1.659,11.72,2,0
13.667,52.9658,1.662,11.7,2,0
13.708,52.9614,1.662,11.69,2,0
13.75,52.9567,1.654,11.7,2,0
13.792,52.9519,1.663,11.69,2,0
13.833,52.947,1.662,11.71,2,0
13.875,52.942,1.658,11.71,2,0
13.917,52.9371,1.659,11.69,2,0
13.958,52.9322,1.664,11.68,2,0
14.0,52.9274,1.656,11.71,2,0
14.042,52.9228,1.66,11.7,2,0
14.083,52.9184,1.664,11.7,2,0
14.125,52.9142,1.659,11.7,2,0
14.167,52.9103,1.656,11.69,2,0
14.208,52.9066,1.664,11.7,2,0
14.25,52.9033,1.659,11.72,2,0
14.292,52.9003,1.658,11.7,2,0
14.333,52.8977,1.663,11.69,2,0
14.375,52.8954,1.661,11.7,2,0
14.417,52.8935,1.655,11.7,2,0
14.458,52.892,1.662,11.71,2,0
14.5,52.8908,1.663,11.7,2,0
14.542,52.89,1.657,11.69,2,0
14.583,52.8895,1.66,11.7,2,0
14.625,52.8894,1.663,11.71,2,0
14.667,52.8895,1.656,11.7,2,0
14.708,52.89,1.659,11.7,2,0
14.75,52.8906,1.665,11.7,2,0
14.792,52.8915,1.658,11.69,2,0
14.833,52.8926,1.657,11.71,2,0
14.875,52.8939,1.662,11.71,2,0
14.917,52.8953,1.66,11.69,2,0
14.958,52.8967,1.656,11.69,2,0
15.0,52.8982,1.665,11.71,2,0
15.042,52.8997,1.661,11.7,2,0
15.083,52.9012,1.656,11.71,2,0
15.125,52.9026,1.66,11.7,2,0
15.167,52.9039,1.664,11.68,2,0
15.208,52.905,1.656,11.71,2,0
15.25,52.9059,1.662,11.71,2,0
15.292,52.9067,1.662,11.7,2,0
15.333,52.9071,1.657,11.69,2,0
15.375,52.9073,1.657,11.7,2,0
15.417,52.9072,1.666,11.7,2,0
15.458,52.9068,1.658,11.72,2,0
15.5,52.906,1.659,11.7,2,0
15.542,52.9048,1.661,11.68,2,0
15.583,52.9033,1.66,11.7,2,0
15.625,52.9014,1.655,11.71,2,0
15.667,52.8991,1.666,11.71,2,0
15.708,52.8964,1.66,11.7,2,0
15.75,52.8933,1.657,11.69,2,0
15.792,52.8899,1.659,11.69,2,0
15.833,52.8861,1.664,11.72,2,0
15.875,52.8819,1.655,11.71,2,0
15.917,52.8774,1.663,11.69,2,0
15.958,52.8726,1.662,11.69,2,0
16.0,52.8674,1.658,11.7,2,0
16.042,52.8621,1.656,11.71,2,0
16.083,52.8564,1.666,11.71,2,0
16.125,52.8506,1.657,11.69,2,0
16.167,52.8446,1.66,11.68,2,0
16.208,52.8384,1.661,11.71,2,0
16.25,52.8322,1.661,11.71,2,0
16.292,52.8259,1.654,11.7,2,0
16.333,52.8195,1.666,11.69,2,0
16.375,52.8131,1.66,11.69,2,0
16.417,52.8068,1.658,11.7,2,0
16.458,52.8005,1.659,11.72,2,0
16.5,52.7944,1.664,11.7,2,0
16.542,52.7883,1.654,11.68,2,0
16.583,52.7825,1.663,11.7,2,0
16.625,52.7768,1.662,11.71,2,0
16.667,52.7713,1.658,11.71,2,0
16.708,52.766,1.656,11.7,2,0
16.75,52.761,1.666,11.69,2,0
16.792,52.7563,1.657,11.69,2,0
16.833,52.7518,1.66,11.72,2,0
16.875,52.7476,1.662,11.7,2,0
16.917,52.7437,1.661,11.69,2,0
16.958,52.7401,1.654,11.7,2,0
17.0,52.7368,1.665,11.7,2,0
17.042,52.7337,1.66,11.71,2,0
17.083,52.731,1.658,11.71,2,0
17.125,52.7284,1.66,11.69,2,0
17.167,52.7262,1.663,11.69,2,0
17.208,52.7241,1.654,11.71,2,0
17.25,52.7222,1.663,11.71,2,0
17.292,52.7206,1.663,11.7,2,0
17.333,52.719,1.658,11.69,2,0
17.375,52.7176,1.657,11.69,2,0
17.417,52.7163,1.664,11.71,2,0
17.458,52.715,1.657,11.71,2,0
17.5,52.7138,1.66,11.7,2,0
17.542,52.7125,1.663,11.68,2,0
17.583,52.7112,1.66,11.7,2,0
17.625,52.7098,1.654,11.7,2,0
17.667,52.7084,1.664,11.71,2,0
17.708,52.7068,1.661,11.7,2,0
17.75,52.705,1.658,11.69,2,0
17.792,52.7031,1.661,11.7,2,0
17.833,52.7009,1.662,11.72,2,0
17.875,52.6985,1.655,11.7,2,0
17.917,52.6958,1.661,11.69,2,0
17.958,52.6929,1.664,11.7,2,0
18.0,52.6897,1.658,11.69,2,0
18.042,52.6862,1.658,11.71,2,0
18.083,52.6824,1.663,11.71,2,0
18.125,52.6783,1.658,11.69,2,0
18.167,52.6739,1.658,11.69,2,0
18.208,52.6692,1.665,11.71,2,0
18.25,52.6643,1.66,11.71,2,0
18.292,52.6591,1.656,11.7,2,0
18.333,52.6537,1.662,11.69,2,0
18.375,52.6481,1.662,11.69,2,0
18.417,52.6423,1.657,11.71,2,0
18.458,52.6364,1.663,11.71,2,0
18.5,52.6304,1.662,11.7,2,0
18.542,52.6244,1.656,11.69,2,0
18.583,52.6183,1.659,11.7,2,0
18.625,52.6123,1.665,11.7,2,0
18.667,52.6063,1.657,11.71,2,0
18.708,52.6005,1.66,11.7,2,0
18.75,52.5949,1.662,11.68,2,0
18.792,52.5895,1.658,11.7,2,0
18.833,52.5844,1.657,11.71,2,0
18.875,52.5797,1.666,11.7,2,0
18.917,52.5755,1.659,11.69,2,0
18.958,52.5716,1.657,11.7,2,0
19.0,52.5684,1.661,11.69,2,0
19.042,52.5657,1.662,11.72,2,0
19.083,52.5636,1.655,11.71,2,0
19.125,52.5622,1.664,11.69,2,0
19.167,52.5615,1.661,11.69,2,0
19.208,52.5616,1.657,11.71,2,0
19.25,52.5625,1.658,11.71,2,0
19.292,52.5642,1.665,11.7,2,0
19.333,52.5668,1.656,11.69,2,0
19.375,52.5703,1.661,11.68,2,0
19.417,52.5746,1.662,11.71,2,0
19.458,52.5799,1.659,11.71,2,0
19.5,52.5861,1.655,11.7,2,0
19.542,52.5933,1.666,11.69,2,0
19.583,52.6013,1.659,11.7,2,0
19.625,52.6103,1.658,11.7,2,0
19.667,52.6201,1.66,11.71,2,0
19.708,52.6308,1.662,11.7,2,0
19.75,52.6424,1.654,11.68,2,0
19.792,52.6547,1.665,11.71,2,0
19.833,52.6678,1.661,11.71,2,0
19.875,52.6817,1.658,11.7,2,0
19.917,52.6962,1.657,11.7,2,0
19.958,52.7113,1.665,11.69,2,0
20.0,52.727,1.656,11.69,6,1
