saniye,kosu_a,kosu_b,fark
0.0,53.093,53.093,0.0
1.0,53.0926,53.0926,0.0
2.0,53.0921,53.0921,0.0
3.0,53.0915,53.0915,0.0
4.0,53.0908,53.0908,0.0
5.0,53.0899,53.0899,0.0
6.0,53.0889,53.0889,0.0
7.0,53.0878,53.0878,0.0
8.0,53.0866,53.0866,0.0
9.0,53.0853,53.0853,0.0
10.0,53.0838,53.0838,0.0
11.0,53.0823,53.0823,0.0
12.0,53.0806,53.0806,0.0
13.0,53.0789,53.0789,0.0
14.0,53.0771,53.0771,0.0
15.0,53.0751,53.0751,0.0
16.0,53.0731,53.0731,0.0
17.0,53.071,53.071,0.0
18.0,53.0688,53.0688,0.0
19.0,53.0666,53.0666,0.0
20.0,53.0642,53.0642,0.0
21.0,53.0618,53.0618,0.0
22.0,53.0593,53.0593,0.0
23.0,53.0568,53.0568,0.0
24.0,53.0542,53.0542,0.0
25.0,53.0515,53.0515,0.0
26.0,53.0488,53.0488,0.0
27.0,53.0461,53.0461,0.0
28.0,53.0433,53.0433,0.0
29.0,53.0404,53.0404,0.0
30.0,53.0375,53.0375,0.0
31.0,53.0346,53.0346,0.0
32.0,53.0316,53.0316,0.0
33.0,53.0286,53.0286,0.0
34.0,53.0256,53.0256,0.0
35.0,53.0225,53.0225,0.0
36.0,53.0195,53.0195,0.0
37.0,53.0164,53.0164,0.0
38.0,53.0133,53.0133,0.0
39.0,53.0102,53.0102,0.0
40.0,53.007,53.007,0.0
41.0,53.0039,53.0039,0.0
42.0,53.0007,53.0007,0.0
43.0,52.9976,52.9976,0.0
44.0,52.9945,52.9945,0.0
45.0,52.9913,52.9913,0.0
46.0,52.9882,52.9882,0.0
47.0,52.9851,52.9851,0.0
48.0,52.9819,52.9819,0.0
49.0,52.9788,52.9788,0.0
50.0,52.9758,52.9758,0.0
51.0,52.9727,52.9727,0.0
52.0,52.9696,52.9696,0.0
53.0,52.9666,52.9666,0.0
54.0,52.9636,52.9636,0.0
55.0,52.9606,52.9606,0.0
56.0,52.9576,52.9576,0.0
57.0,52.9546,52.9546,0.0
58.0,52.9517,52.9517,0.0
59.0,52.9488,52.9488,0.0
60.0,52.9459,52.9459,0.0
61.0,52.9431,52.9431,0.0
62.0,52.9403,52.9403,0.0
63.0,52.9375,52.9375,0.0
64.0,52.9347,52.9347,0.0
65.0,52.932,52.932,0.0
66.0,52.9293,52.9293,0.0
67.0,52.9267,52.9267,0.0
68.0,52.924,52.924,0.0
69.0,52.9214,52.9214,0.0
70.0,52.9189,52.9189,0.0
71.0,52.9163,52.9163,0.0
72.0,52.9138,52.9138,0.0
73.0,52.9113,52.9113,0.0
74.0,52.9089,52.9089,0.0
75.0,52.9065,52.9065,0.0
76.0,52.9041,52.9041,0.0
77.0,52.9017,52.9017,0.0
78.0,52.8994,52.8994,0.0
79.0,52.8971,52.8971,0.0
80.0,52.8948,52.8948,0.0
81.0,52.8926,52.8926,0.0
82.0,52.8904,52.8904,0.0
83.0,52.8881,52.8881,0.0
84.0,52.886,52.886,0.0
85.0,52.8838,52.8838,0.0
86.0,52.8817,52.8817,0.0
87.0,52.8796,52.8796,0.0
88.0,52.8775,52.8775,0.0
89.0,52.8754,52.8754,0.0
90.0,52.8733,52.8733,0.0
91.0,52.8712,52.8712,0.0
92.0,52.8692,52.8692,0.0
93.0,52.8672,52.8672,0.0
94.0,52.8651,52.8651,0.0
95.0,52.8631,52.8631,0.0
96.0,52.8611,52.8611,0.0
97.0,52.8591,52.8591,0.0
98.0,52.8571,52.8571,0.0
99.0,52.8551,52.8551,0.0
100.0,52.8531,52.8531,0.0
101.0,52.8511,52.8511,0.0
102.0,52.8491,52.8491,0.0
103.0,52.847,52.847,0.0
104.0,52.845,52.845,0.0
105.0,52.843,52.843,0.0
106.0,52.841,52.841,0.0
107.0,52.8389,52.8389,0.0
108.0,52.8369,52.8369,0.0
109.0,52.8348,52.8348,0.0
110.0,52.8327,52.8327,0.0
111.0,52.8306,52.8306,0.0
112.0,52.8285,52.8285,0.0
113.0,52.8264,52.8264,0.0
114.0,52.8242,52.8242,0.0
115.0,52.8221,52.8221,0.0
116.0,52.8199,52.8199,0.0
117.0,52.8177,52.8177,0.0
118.0,52.8154,52.8154,0.0
119.0,52.8132,52.8132,0.0
120.0,52.8109,52.8109,0.0
121.0,52.8086,52.8086,0.0
122.0,52.8063,52.8063,0.0
123.0,52.8039,52.8039,0.0
124.0,52.8016,52.8016,0.0
125.0,52.7992,52.7992,0.0
126.0,52.7967,52.7967,0.0
127.0,52.7943,52.7943,0.0
128.0,52.7918,52.7918,0.0
129.0,52.7893,52.7893,0.0
130.0,52.7868,52.7868,0.0
131.0,52.7842,52.7842,0.0
132.0,52.7816,52.7816,0.0
133.0,52.779,52.779,0.0
134.0,52.7764,52.7764,0.0
135.0,52.7737,52.7737,0.0
136.0,52.771,52.771,0.0
137.0,52.7683,52.7683,0.0
138.0,52.7656,52.7656,0.0
139.0,52.7628,52.7628,0.0
140.0,52.7601,52.7601,0.0
141.0,52.7573,52.7573,0.0
142.0,52.7545,52.7545,0.0
143.0,52.7516,52.7516,0.0
144.0,52.7488,52.7488,0.0
145.0,52.7459,52.7459,0.0
146.0,52.7431,52.7431,0.0
147.0,52.7402,52.7402,0.0
148.0,52.7373,52.7373,0.0
149.0,52.7344,52.7344,0.0
150.0,52.7315,52.7315,0.0
151.0,52.7286,52.7286,0.0
152.0,52.7257,52.7257,0.0
153.0,52.7227,52.7227,0.0
154.0,52.7198,52.7198,0.0
155.0,52.7169,52.7169,0.0
156.0,52.714,52.714,0.0
157.0,52.7111,52.7111,0.0
158.0,52.7082,52.7082,0.0
159.0,52.7053,52.7053,0.0
160.0,52.7024,52.7024,0.0
161.0,52.6996,52.6996,0.0
162.0,52.6967,52.6967,0.0
163.0,52.6939,52.6939,0.0
164.0,52.6911,52.6911,0.0
165.0,52.6883,52.6883,0.0
166.0,52.6856,52.6856,0.0
167.0,52.6829,52.6829,0.0
168.0,52.6802,52.6802,0.0
169.0,52.6775,52.6775,0.0
170.0,52.6749,52.6749,0.0
171.0,52.6723,52.6723,0.0
172.0,52.6698,52.6698,0.0
173.0,52.6673,52.6673,0.0
174.0,52.6649,52.6649,0.0
175.0,52.6625,52.6625,0.0
176.0,52.6601,52.6601,0.0
177.0,52.6578,52.6578,0.0
178.0,52.6556,52.6556,0.0
179.0,52.6534,52.6534,0.0
180.0,52.6513,52.6513,0.0
181.0,52.6492,52.6492,0.0
182.0,52.6472,52.6472,0.0
183.0,52.6452,52.6452,0.0
184.0,52.6434,52.6434,0.0
185.0,52.6416,52.6416,0.0
186.0,52.6399,52.6399,0.0
187.0,52.6382,52.6382,0.0
188.0,52.6366,52.6366,0.0
189.0,52.6351,52.6351,0.0
190.0,52.6337,52.6337,0.0
191.0,52.6323,52.6323,0.0
192.0,52.6311,52.6311,0.0
193.0,52.6299,52.6299,0.0
194.0,52.6288,52.6288,0.0
195.0,52.6278,52.6278,0.0
196.0,52.6268,52.6268,0.0
197.0,52.626,52.626,0.0
198.0,52.6252,52.6252,0.0
199.0,52.6246,52.6246,0.0
200.0,52.624,52.624,0.0
201.0,52.6235,52.6235,0.0
202.0,52.6231,52.6231,0.0
203.0,52.6228,52.6228,0.0
204.0,52.6226,52.6226,0.0
205.0,52.6224,52.6224,0.0
206.0,52.6224,52.6224,0.0
207.0,52.6224,52.6224,0.0
208.0,52.6226,52.6226,0.0
209.0,52.6228,52.6228,0.0
210.0,52.6231,52.6231,0.0
211.0,52.6236,52.6236,0.0
212.0,52.6241,52.6241,0.0
213.0,52.6246,52.6246,0.0
214.0,52.6253,52.6253,0.0
215.0,52.6261,52.6261,0.0
216.0,52.6269,52.6269,0.0
217.0,52.6279,52.6279,0.0
218.0,52.6289,52.6289,0.0
219.0,52.63,52.63,0.0
220.0,52.6311,52.6311,0.0
221.0,52.6324,52.6324,0.0
222.0,52.6337,52.6337,0.0
223.0,52.6351,52.6351,0.0
224.0,52.6366,52.6366,0.0
225.0,52.6381,52.6381,0.0
226.0,52.6398,52.6398,0.0
227.0,52.6414,52.6414,0.0
228.0,52.6432,52.6432,0.0
229.0,52.645,52.645,0.0
230.0,52.6469,52.6469,0.0
231.0,52.6488,52.6488,0.0
232.0,52.6508,52.6508,0.0
233.0,52.6528,52.6528,0.0
234.0,52.6549,52.6549,0.0
235.0,52.657,52.657,0.0
236.0,52.6592,52.6592,0.0
237.0,52.6614,52.6614,0.0
238.0,52.6637,52.6637,0.0
239.0,52.6659,52.6659,0.0
240.0,52.6683,52.6683,0.0
241.0,52.6706,52.6706,0.0
242.0,52.673,52.673,0.0
243.0,52.6754,52.6754,0.0
244.0,52.6778,52.6778,0.0
245.0,52.6802,52.6802,0.0
246.0,52.6826,52.6826,0.0
247.0,52.6851,52.6851,0.0
248.0,52.6876,52.6876,0.0
249.0,52.69,52.69,0.0
250.0,52.6925,52.6925,0.0
251.0,52.6949,52.6949,0.0
252.0,52.6974,52.6974,0.0
253.0,52.6998,52.6998,0.0
254.0,52.7023,52.7023,0.0
255.0,52.7047,52.7047,0.0
256.0,52.7071,52.7071,0.0
257.0,52.7094,52.7094,0.0
258.0,52.7118,52.7118,0.0
259.0,52.7141,52.7141,0.0
260.0,52.7164,52.7164,0.0
261.0,52.7186,52.7186,0.0
262.0,52.7208,52.7208,0.0
263.0,52.723,52.723,0.0
264.0,52.7251,52.7251,0.0
265.0,52.7272,52.7272,0.0
266.0,52.7292,52.7292,0.0
267.0,52.7312,52.7312,0.0
268.0,52.7332,52.7332,0.0
269.0,52.735,52.735,0.0
270.0,52.7368,52.7368,0.0
271.0,52.7386,52.7386,0.0
272.0,52.7403,52.7403,0.0
273.0,52.7419,52.7419,0.0
274.0,52.7435,52.7435,0.0
275.0,52.745,52.745,0.0
276.0,52.7464,52.7464,0.0
277.0,52.7478,52.7478,0.0
278.0,52.749,52.749,0.0
279.0,52.7503,52.7503,0.0
280.0,52.7514,52.7514,0.0
281.0,52.7524,52.7524,0.0
282.0,52.7534,52.7534,0.0
283.0,52.7543,52.7543,0.0
284.0,52.7551,52.7551,0.0
285.0,52.7559,52.7559,0.0
286.0,52.7565,52.7565,0.0
287.0,52.7571,52.7571,0.0
288.0,52.7576,52.7576,0.0
289.0,52.758,52.758,0.0
290.0,52.7584,52.7584,0.0
291.0,52.7586,52.7586,0.0
292.0,52.7588,52.7588,0.0
293.0,52.7589,52.7589,0.0
294.0,52.7589,52.7589,0.0
295.0,52.7588,52.7588,0.0
296.0,52.7587,52.7587,0.0
297.0,52.7585,52.7585,0.0
298.0,52.7582,52.7582,0.0
299.0,52.7578,52.7578,0.0
300.0,52.7574,52.7574,0.0
