saat,tint_ns,dogrusal_ns,kuadratik_ns
0.0,0.0,0.0,0.0
0.0833,5.400041666666667,5.3999999999999995,4.166666666716168e-05
0.1667,10.800166666666666,10.799999999999999,0.00016666666666687036
0.25,16.200375,16.2,0.00037500000000179057
0.3333,21.600666666666662,21.599999999999998,0.0006666666666639287
0.4167,27.00104166666666,26.999999999999993,0.0010416666666657193
0.5,32.4015,32.4,0.0015000000000000568
0.5833,37.80204166666665,37.79999999999999,0.0020416666666633887
0.6667,43.202666666666666,43.199999999999996,0.0026666666666699257
0.75,48.603375,48.6,0.0033749999999983515
0.8333,54.004166666666656,53.999999999999986,0.0041666666666699825
0.9167,59.40504166666666,59.4,0.005041666666663502
1.0,64.806,64.8,0.006000000000000227
1.0833,70.20704166666665,70.19999999999999,0.007041666666665947
1.1667,75.60816666666665,75.59999999999998,0.008166666666667766
1.25,81.00937499999999,81.0,0.009374999999991473
1.3333,86.41066666666666,86.39999999999999,0.010666666666665492
1.4167,91.81204166666664,91.79999999999997,0.01204166666667561
1.5,97.2135,97.2,0.013499999999993406
1.5833,102.61504166666667,102.6,0.015041666666675724
1.6667,108.01666666666664,107.99999999999997,0.01666666666666572
1.75,113.418375,113.39999999999999,0.018375000000006025
1.8333,118.82016666666667,118.8,0.02016666666666822
1.9167,124.22204166666666,124.19999999999999,0.022041666666666515
2.0,129.624,129.6,0.02400000000000091
2.0833,135.02604166666666,134.99999999999997,0.026041666666685614
2.1667,140.42816666666667,140.39999999999998,0.02816666666669221
2.25,145.83037499999998,145.79999999999998,0.03037499999999227
2.3333,151.23266666666663,151.19999999999996,0.03266666666667106
2.4167,156.63504166666664,156.6,0.03504166666664332
2.5,162.0375,162.0,0.037499999999994316
2.5833,167.44004166666662,167.39999999999995,0.0400416666666672
2.6667,172.84266666666667,172.79999999999998,0.04266666666669039
2.75,178.245375,178.2,0.04537500000000705
2.8333,183.6481666666666,183.59999999999994,0.04816666666667402
2.9167,189.05104166666666,188.99999999999997,0.0510416666666913
3.0,194.454,194.4,0.054000000000002046
3.0833,199.85704166666662,199.79999999999995,0.057041666666663104
3.1667,205.26016666666663,205.2,0.06016666666664605
3.25,210.663375,210.6,0.06337500000000773
3.3333,216.0666666666666,215.99999999999994,0.06666666666666288
3.4167,221.47004166666665,221.39999999999998,0.07004166666666833
3.5,226.87349999999998,226.79999999999998,0.07349999999999568
3.5833,232.27704166666663,232.19999999999996,0.07704166666667334
3.6667,237.68066666666667,237.6,0.08066666666667288
3.75,243.08437500000002,243.0,0.08437500000002274
3.8333,248.48816666666664,248.39999999999998,0.08816666666666606
3.9167,253.8920416666667,253.8,0.09204166666668812
4.0,259.296,259.2,0.09600000000000364
4.0833,264.7000416666666,264.59999999999997,0.10004166666664105
4.1667,270.10416666666663,269.99999999999994,0.10416666666668561
4.25,275.508375,275.4,0.10837500000002365
4.3333,280.9126666666666,280.79999999999995,0.11266666666665515
4.4167,286.31704166666657,286.19999999999993,0.11704166666663696
4.5,291.7215,291.59999999999997,0.12150000000002592
4.5833,297.12604166666665,297.0,0.1260416666666515
4.6667,302.53066666666655,302.3999999999999,0.1306666666666274
4.75,307.935375,307.8,0.13537500000001046
4.8333,313.3401666666666,313.2,0.14016666666663014
4.9167,318.74504166666657,318.5999999999999,0.14504166666665697
5.0,324.15,324.0,0.14999999999997726
5.0833,329.5550416666667,329.4,0.1550416666667047
5.1667,334.96016666666657,334.7999999999999,0.1601666666666688
5.25,340.365375,340.2,0.16537499999998317
5.3333,345.7706666666666,345.59999999999997,0.17066666666664787
5.4167,351.1760416666666,350.9999999999999,0.17604166666671972
5.5,356.58149999999995,356.4,0.18149999999997135
5.5833,361.98704166666664,361.79999999999995,0.18704166666668698
5.6667,367.39266666666657,367.1999999999999,0.19266666666669607
5.75,372.79837499999996,372.59999999999997,0.19837499999999864
5.8333,378.20416666666665,377.99999999999994,0.20416666666670835
5.9167,383.6100416666666,383.3999999999999,0.2100416666666547
6.0,389.01599999999996,388.8,0.21599999999995134
6.0833,394.42204166666664,394.2,0.22204166666665515
6.1667,399.82816666666656,399.5999999999999,0.22816666666665242
6.25,405.23437499999994,405.0,0.23437499999994316
6.3333,410.6406666666667,410.4,0.2406666666666979
6.4167,416.0470416666666,415.7999999999999,0.24704166666668925
6.5,421.4535,421.2,0.2535000000000309
6.5833,426.86004166666663,426.59999999999997,0.26004166666666606
6.6667,432.2666666666666,431.9999999999999,0.26666666666670835
6.75,437.67337499999996,437.4,0.27337499999998727
6.8333,443.0801666666666,442.79999999999995,0.28016666666667334
6.9167,448.4870416666666,448.1999999999999,0.2870416666667097
7.0,453.894,453.59999999999997,0.29400000000003956
7.0833,459.30104166666666,458.99999999999994,0.3010416666667197
7.1667,464.70816666666656,464.3999999999999,0.3081666666666365
7.25,470.115375,469.8,0.31537499999996044
7.3333,475.5226666666666,475.2,0.3226666666666347
7.4167,480.93004166666657,480.5999999999999,0.33004166666665924
7.5,486.3375,486.0,0.33749999999997726
7.5833,491.7450416666666,491.4,0.3450416666666456
7.6667,497.1526666666666,496.79999999999995,0.35266666666666424
7.75,502.5603749999999,502.19999999999993,0.36037499999997635
7.8333,507.96816666666666,507.6,0.3681666666666388
7.9167,513.3760416666665,512.9999999999999,0.3760416666666515
8.0,518.784,518.4,0.38400000000001455
8.0833,524.1920416666666,523.7999999999998,0.3920416666667279
8.1667,529.6001666666666,529.1999999999999,0.4001666666666779
8.25,535.008375,534.5999999999999,0.40837500000009186
8.3333,540.4166666666665,539.9999999999999,0.41666666666662877
8.4167,545.8250416666665,545.3999999999999,0.4250416666666297
8.5,551.2334999999999,550.8,0.4334999999999809
8.5833,556.6420416666665,556.1999999999998,0.44204166666668243
8.6667,562.0506666666666,561.5999999999999,0.4506666666667343
8.75,567.4593749999999,566.9999999999999,0.45937500000002274
8.8333,572.8681666666666,572.3999999999999,0.4681666666667752
8.9167,578.2770416666666,577.7999999999998,0.4770416666667643
9.0,583.6859999999999,583.1999999999999,0.48599999999999
9.0833,589.0950416666665,588.5999999999999,0.495041666666566
9.1667,594.5041666666666,594.0,0.504166666666606
9.25,599.9133749999999,599.4,0.5133749999998827
9.3333,605.3226666666665,604.7999999999998,0.5226666666666233
9.4167,610.7320416666668,610.2,0.5320416666667143
9.5,616.1415,615.6,0.5414999999999281
9.5833,621.5510416666666,620.9999999999999,0.5510416666667197
9.6667,626.9606666666666,626.4,0.5606666666666342
9.75,632.370375,631.8,0.5703750000000127
9.8333,637.7801666666664,637.1999999999998,0.5801666666666279
9.9167,643.1900416666666,642.6,0.5900416666665933
10.0,648.6,648.0,0.6000000000000227
10.0833,654.0100416666666,653.3999999999999,0.6100416666666888
10.1667,659.4201666666665,658.8,0.6201666666665915
10.25,664.8303749999999,664.1999999999999,0.6303749999999582
10.3333,670.2406666666665,669.5999999999998,0.6406666666666752
10.4167,675.6510416666667,675.0,0.6510416666667425
10.5,681.0615,680.4,0.6615000000000464
10.5833,686.4720416666665,685.7999999999998,0.6720416666667006
10.6667,691.8826666666666,691.1999999999999,0.6826666666667052
10.75,697.2933749999999,696.5999999999999,0.6933749999999463
10.8333,702.7041666666664,701.9999999999998,0.7041666666666515
10.9167,708.1150416666667,707.4,0.715041666666707
11.0,713.526,712.8,0.7259999999999991
11.0833,718.9370416666665,718.1999999999998,0.7370416666666415
11.1667,724.3481666666667,723.5999999999999,0.7481666666667479
11.25,729.7593749999999,728.9999999999999,0.7593749999999773
11.3333,735.1706666666664,734.3999999999997,0.7706666666666706
11.4167,740.5820416666667,739.8,0.7820416666667143
11.5,745.9934999999999,745.1999999999999,0.7934999999999945
11.5833,751.4050416666665,750.5999999999999,0.8050416666666251
11.6667,756.8166666666666,755.9999999999999,0.8166666666667197
11.75,762.2283749999999,761.4,0.8283749999999372
11.8333,767.6401666666665,766.7999999999998,0.8401666666666188
11.9167,773.0520416666667,772.2,0.8520416666666506
12.0,778.464,777.6,0.8640000000000327
12.0833,783.8760416666665,782.9999999999999,0.8760416666666515
12.1667,789.2881666666666,788.4,0.8881666666666206
12.25,794.700375,793.8,0.9003750000000537
12.3333,800.1126666666664,799.1999999999998,0.9126666666666097
12.4167,805.5250416666667,804.6,0.9250416666666297
12.5,810.9375,810.0,0.9375
12.5833,816.3500416666666,815.3999999999999,0.9500416666667206
12.6667,821.7626666666666,820.8,0.9626666666666779
12.75,827.1753749999999,826.1999999999999,0.9753749999999854
12.8333,832.5881666666664,831.5999999999998,0.9881666666666433
12.9167,838.0010416666667,837.0,1.0010416666666515
13.0,843.414,842.4,1.01400000000001
13.0833,848.8270416666664,847.7999999999998,1.0270416666666051
13.1667,854.2401666666666,853.1999999999999,1.0401666666666642
13.25,859.653375,858.5999999999999,1.0533750000000737
13.3333,865.0666666666665,863.9999999999998,1.0666666666667197
13.4167,870.4800416666667,869.4,1.080041666666716
13.5,875.8935,874.8,1.0935000000000628
13.5833,881.3070416666666,880.1999999999998,1.1070416666667597
13.6667,886.7206666666666,885.5999999999999,1.1206666666666933
13.75,892.134375,890.9999999999999,1.134375000000091
13.8333,897.5481666666665,896.3999999999997,1.1481666666667252
13.9167,902.9620416666667,901.8,1.1620416666667097
14.0,908.376,907.1999999999999,1.1760000000000446
14.0833,913.7900416666665,912.5999999999998,1.1900416666667297
14.1667,919.2041666666667,917.9999999999999,1.2041666666667652
14.25,924.618375,923.3999999999999,1.218375000000151
14.3333,930.0326666666665,928.7999999999998,1.2326666666666597
14.4167,935.4470416666667,934.1999999999999,1.247041666666746
14.5,940.8615,939.6,1.2614999999999554
14.5833,946.2760416666665,944.9999999999999,1.2760416666666288
14.6667,951.6906666666666,950.4,1.2906666666666524
14.75,957.105375,955.8000000000001,1.3053749999999127
14.8333,962.5201666666663,961.1999999999998,1.3201666666665233
14.9167,967.9350416666666,966.6,1.3350416666665978
15.0,973.3499999999999,972.0,1.349999999999909
15.0833,978.7650416666663,977.3999999999997,1.3650416666665706
15.1667,984.1801666666667,982.8,1.380166666666696
15.25,989.5953749999999,988.1999999999999,1.3953749999999445
15.3333,995.0106666666666,993.5999999999999,1.410666666666657
15.4167,1000.4260416666665,998.9999999999999,1.426041666666606
15.5,1005.8415,1004.3999999999999,1.4415000000001328
15.5833,1011.2570416666665,1009.7999999999998,1.4570416666666688
15.6667,1016.6726666666667,1015.2,1.4726666666666688
15.75,1022.088375,1020.6,1.488375000000019
15.8333,1027.5041666666664,1025.9999999999998,1.504166666666606
15.9167,1032.9200416666667,1031.4,1.520041666666657
16.0,1038.336,1036.8,1.5360000000000582
16.0833,1043.7520416666664,1042.1999999999998,1.5520416666665824
16.1667,1049.1681666666664,1047.5999999999997,1.5681666666666843
16.25,1054.584375,1053.0,1.584374999999909
16.3333,1060.0006666666666,1058.3999999999999,1.6006666666667115
16.4167,1065.4170416666664,1063.8,1.6170416666664096
16.5,1070.8335,1069.1999999999998,1.63350000000014
16.5833,1076.2500416666664,1074.6,1.6500416666665387
16.6667,1081.6666666666665,1079.9999999999998,1.6666666666667425
16.75,1087.0833750000002,1085.4,1.6833750000000691
16.8333,1092.5001666666665,1090.7999999999997,1.700166666666746
16.9167,1097.9170416666664,1096.1999999999998,1.717041666666546
17.0,1103.334,1101.6,1.734000000000151
17.0833,1108.7510416666664,1106.9999999999998,1.7510416666666515
17.1667,1114.1681666666664,1112.3999999999996,1.7681666666667297
17.25,1119.5853749999999,1117.8,1.7853749999999309
17.3333,1125.0026666666665,1123.1999999999998,1.8026666666667097
17.4167,1130.4200416666665,1128.6,1.8200416666666115
17.5,1135.8374999999999,1133.9999999999998,1.837500000000091
17.5833,1141.2550416666663,1139.3999999999999,1.855041666666466
17.6667,1146.6726666666666,1144.7999999999997,1.8726666666668734
17.75,1152.090375,1150.2,1.890374999999949
17.8333,1157.5081666666665,1155.5999999999997,1.9081666666668298
17.9167,1162.9260416666664,1160.9999999999998,1.926041666666606
18.0,1168.344,1166.3999999999999,1.9440000000001874
18.0833,1173.7620416666664,1171.7999999999997,1.9620416666666642
18.1667,1179.1801666666663,1177.1999999999998,1.9801666666664914
18.25,1184.598375,1182.6,1.9983750000001237
18.3333,1190.0166666666664,1188.0,2.016666666666424
18.4167,1195.4350416666664,1193.3999999999996,2.035041666666757
18.5,1200.8535,1198.8,2.0534999999999854
18.5833,1206.2720416666666,1204.2,2.072041666666564
18.6667,1211.6906666666662,1209.5999999999997,2.0906666666664933
18.75,1217.109375,1215.0,2.109375
18.8333,1222.5281666666667,1220.4,2.1281666666666297
18.9167,1227.9470416666663,1225.7999999999997,2.1470416666666097
19.0,1233.366,1231.2,2.16599999999994
19.0833,1238.7850416666665,1236.6,2.1850416666666206
19.1667,1244.2041666666664,1241.9999999999998,2.2041666666666515
19.25,1249.623375,1247.3999999999999,2.2233750000000327
19.3333,1255.0426666666667,1252.8,2.2426666666667643
19.4167,1260.4620416666662,1258.1999999999996,2.2620416666666188
19.5,1265.8814999999997,1263.6,2.2814999999998236
19.5833,1271.3010416666666,1269.0,2.301041666666606
19.6667,1276.7206666666661,1274.3999999999996,2.3206666666665114
19.75,1282.140375,1279.8,2.3403749999999945
19.8333,1287.5601666666666,1285.2,2.3601666666666006
19.9167,1292.9800416666665,1290.5999999999997,2.3800416666667843
20.0,1298.3999999999999,1296.0,2.3999999999998636
20.0833,1303.8200416666666,1301.3999999999999,2.420041666666748
20.1667,1309.2401666666663,1306.7999999999997,2.440166666666528
20.25,1314.660375,1312.1999999999998,2.4603750000001128
20.3333,1320.0806666666667,1317.6,2.4806666666668207
20.4167,1325.5010416666662,1322.9999999999995,2.5010416666666515
20.5,1330.9215,1328.3999999999999,2.52150000000006
20.5833,1336.3420416666668,1333.8,2.542041666666819
20.6667,1341.7626666666663,1339.1999999999996,2.5626666666667006
20.75,1347.1833749999998,1344.6,2.5833749999999327
20.8333,1352.6041666666667,1350.0,2.6041666666667425
20.9167,1358.0250416666665,1355.3999999999999,2.625041666666675
21.0,1363.446,1360.8,2.645999999999958
21.0833,1368.8670416666664,1366.2,2.667041666666364
21.1667,1374.2881666666663,1371.5999999999997,2.688166666666575
21.25,1379.709375,1377.0,2.709374999999909
21.3333,1385.1306666666665,1382.3999999999999,2.7306666666665933
21.4167,1390.5520416666661,1387.7999999999997,2.7520416666664005
21.5,1395.9734999999998,1393.1999999999998,2.7735000000000127
21.5833,1401.3950416666667,1398.6000000000001,2.7950416666665205
21.6667,1406.8166666666664,1403.9999999999995,2.8166666666668334
21.75,1412.238375,1409.4,2.8383749999998145
21.8333,1417.6601666666668,1414.8,2.860166666666828
21.9167,1423.0820416666663,1420.1999999999998,2.8820416666665096
22.0,1428.504,1425.6,2.9039999999999964
22.0833,1433.9260416666666,1431.0,2.926041666666606
22.1667,1439.3481666666664,1436.3999999999996,2.9481666666667934
22.25,1444.7703749999998,1441.8,2.9703749999998763
22.3333,1450.1926666666666,1447.1999999999998,2.9926666666667643
22.4167,1455.6150416666662,1452.5999999999997,3.015041666666548
22.5,1461.0375,1457.9999999999998,3.0375000000001364
22.5833,1466.4600416666667,1463.4,3.0600416666666206
22.6667,1471.8826666666662,1468.7999999999995,3.0826666666666824
22.75,1477.305375,1474.2,3.105374999999867
22.8333,1482.7281666666668,1479.6,3.128166666666857
22.9167,1488.1510416666663,1484.9999999999998,3.151041666666515
23.0,1493.5739999999998,1490.3999999999999,3.173999999999978
23.0833,1498.9970416666665,1495.8,3.197041666666564
23.1667,1504.4201666666663,1501.1999999999998,3.2201666666665005
23.25,1509.843375,1506.6,3.2433750000000146
23.3333,1515.2666666666664,1511.9999999999998,3.2666666666666515
23.4167,1520.6900416666663,1517.3999999999996,3.2900416666666388
23.5,1526.1135,1522.8,3.3134999999999764
23.5833,1531.5370416666667,1528.2,3.3370416666666642
23.6667,1536.9606666666664,1533.5999999999997,3.3606666666667024
23.75,1542.384375,1539.0,3.384375000000091
23.8333,1547.8081666666667,1544.4,3.4081666666666024
23.9167,1553.2320416666664,1549.7999999999997,3.4320416666666915
24.0,1558.656,1555.2,3.4559999999999036
