saat,ana_ns,filtre_ns
0.001,0.06480286800053,0.0
0.0211,1.3649239060513294,0.0
0.0411,2.6650496666563104,0.0
0.0612,3.965180023812842,0.0
0.0813,5.265315139520755,0.0
0.1013,6.5654551037809314,0.0
0.1214,7.865599862592362,0.0
0.1414,9.165749469956058,0.0
0.1615,10.465903871870607,0.0
0.1816,11.766063140338025,0.0
0.2016,13.066227203356028,0.0
0.2217,14.366396132927168,0.0
0.2418,15.666569893050237,0.0
0.2618,16.966748447723493,0.0
0.2819,18.26693185094934,0.0
0.302,19.567120084726994,0.0
0.322,20.86731318505858,0.0
0.3421,22.16751106193881,0.0
0.3621,23.467713805373116,0.0
0.3822,24.7679213433568,0.0
0.4023,26.068133747894827,0.0
0.4223,27.368350946981966,0.0
0.4424,28.668573012623714,0.0
0.4625,29.96879987281431,0.0
0.4825,31.269031581558178,0.0
0.5026,32.56926813885551,0.0
0.5227,33.86950950870303,0.0
0.5427,35.169755727104146,0.0
0.5628,36.47000683006283,0.0
0.5828,37.77026272756996,0.0
0.6029,39.070523365619096,0.0
0.623,40.37078887022377,0.0
0.643,41.67105918737798,0.0
0.6631,42.97133435308591,0.0
0.6832,44.27161433134324,0.0
0.7032,45.57189915815442,0.0
0.7233,46.872188815517276,0.0
0.7434,48.172483285429315,0.0
0.7634,49.47278260389542,0.0
0.7835,50.773086734910585,0.0
0.8035,52.073395714479936,0.0
0.8236,53.37370950659822,0.0
0.8437,54.674028129268024,0.0
0.8637,55.97435158248935,0.0
0.8838,57.274679884265154,0.0
0.9039,58.57501299858961,0.0
0.9239,59.875350943465584,0.0
0.944,61.17569371889309,0.0
0.9641,62.476041342875334,0.0
0.9841,63.77639381541253,0.0
1.0042,65.07675108249481,0.0
1.0242,66.37711319813204,0.0
1.0443,67.67748012631745,0.0
1.0644,68.97785190305792,0.0
1.0844,70.27822851035006,0.0
1.1045,71.57860994819387,0.0
1.1246,72.8789961985856,0.0
1.1446,74.17938729753267,0.0
1.1647,75.47978322703136,0.0
1.1847,76.78018398708176,0.0
1.2048,78.0805895776838,0.0
1.2249,79.3809999808334,0.0
1.2449,80.6814152325387,0.0
1.265,81.98183529679143,0.0
1.2851,83.2822602096,0.0
1.3051,84.58268993495584,0.0
1.3252,85.88312450886764,0.0
1.3453,87.18356389532663,0.0
1.3653,88.48400813034169,0.0
1.3854,89.78445717790378,0.0
1.4054,91.0849110740221,0.0
1.4255,92.38536978268732,0.0
1.4456,93.6858333399089,0.0
1.4656,94.98630172768212,0.0
1.4857,96.28677492800205,0.0
1.5058,97.58725297687855,0.0
1.5258,98.8877358383016,0.0
1.5459,100.1882235662865,0.0
1.566,101.48872075216468,0.0
1.586,102.78921819528621,0.0
1.6061,104.08972039693852,0.0
1.6261,105.39022742914248,0.0
1.6462,106.69073927389263,0.0
1.6663,107.99125596719986,0.0
1.6863,109.29177747305312,0.0
1.7064,110.5923038094579,0.0
1.7265,111.89283499441997,0.0
1.7465,113.19337099192789,0.0
1.7666,114.49391183799321,0.0
1.7867,115.79445749660424,0.0
1.8067,117.09500800377282,0.0
1.8268,118.39556332348698,0.0
1.8468,119.69612349175881,0.0
1.8669,120.9966884905823,0.0
1.887,122.29725831995746,0.0
1.907,123.59783296187793,0.0
1.9271,124.89841245235635,0.0
1.9472,126.19899677338641,0.0
1.9672,127.49958590696158,0.0
1.9873,128.80017988909492,0.0
2.0074,130.1007786837732,0.0
2.0274,131.40138232700977,0.0
2.0475,132.7019907827912,0.0
2.0675,134.00260408713103,0.0
2.0876,135.30322220401558,0.0
2.1077,136.60384516945865,0.0
2.1277,137.9044729654534,0.0
2.1478,139.20510559199985,0.0
2.1679,140.50574303109067,0.0
2.1879,141.8063853187403,0.0
2.208,143.10703243694164,0.0
2.2281,144.4076843676872,0.0
2.2481,145.7083411469918,0.0
2.2682,147.00900273884048,0.0
2.2882,148.30966917924832,0.0
2.3083,149.61034041419242,0.0
2.3284,150.91101651570347,0.0
2.3484,152.2116974297583,0.0
2.3685,153.5123831923726,0.0
2.3886,154.81307376753054,0.0
2.4086,156.1137691912481,0.0
2.4287,157.41446946352536,0.0
2.4488,158.71517453033812,0.0
2.4688,160.01588444571067,0.0
2.4889,161.31659915561823,0.0
2.5089,162.61731875010227,0.0
2.529,163.91804315712972,0.0
2.5491,165.21877239470882,0.0
2.5691,166.519506444831,0.0
2.5892,167.82024536152198,0.0
2.6093,169.12098907274734,0.0
2.6293,170.42173763253305,0.0
2.6494,171.72249102287034,0.0
2.6695,173.02324922575045,0.0
2.6895,174.324012277191,0.0
2.7096,175.62478014117423,0.0
2.7296,176.92555285371807,0.0
2.7497,178.2263303788044,0.0
2.7698,179.52711275245147,0.0
2.7898,180.82789993864094,0.0
2.8099,182.1286919553819,0.0
2.83,183.42948880267443,0.0
2.85,184.73029049852795,0.0
2.8701,186.03109700692355,0.0
2.8902,187.33190836388036,0.0
2.9102,188.63272455138883,0.0
2.9303,189.93354555143912,0.0
2.9503,191.2343717422377,0.0
2.9704,192.53520240339245,0.0
2.9905,193.83603793111865,0.0
3.0105,195.1368782893966,0.0
3.0306,196.4377234602163,0.0
3.0507,197.73857346158763,0.0
3.0707,199.03942829351067,0.0
3.0908,200.340287937975,0.0
3.1108,201.64115243100127,0.0
3.1309,202.94202175457917,0.0
3.151,204.2428958906983,0.0
3.171,205.54377489339,0.0
3.1911,206.84465869061225,0.0
3.2112,208.14554733639676,0.0
3.2312,209.44644079472215,0.0
3.2513,210.7473391016099,0.0
3.2714,212.0482422210384,0.0
3.2914,213.34915018902942,0.0
3.3115,214.650062969561,0.0
3.3315,215.9509805986553,0.0
3.3516,217.25190304029002,0.0
3.3717,218.55283033048755,0.0
3.3917,219.85376245123672,0.0
3.4118,221.1546993845262,0.0
3.4319,222.45564114836716,0.0
3.4519,223.7565877607712,0.0
3.472,225.05753922173844,0.0
3.4921,226.35849547723424,0.0
3.5121,227.65945656328148,0.0
3.5322,228.96042247988035,0.0
3.5522,230.2613932450425,0.0
3.5723,231.56236882274447,0.0
3.5924,232.8633492490099,0.0
3.6124,234.16433452383907,0.0
3.6325,235.46532459319576,0.0
3.6526,236.76631951111622,0.0
3.6726,238.06731924157606,0.0
3.6927,239.36832382059976,0.0
3.7128,240.6693332121627,0.0
3.7328,241.97034745228967,0.0
3.7529,243.27136650495575,0.0
3.7729,244.57239040618592,0.0
3.793,245.87341910194246,0.0
3.8131,247.17445266427586,0.0
3.8331,248.47549103914812,0.0
3.8532,249.77653426258473,0.0
3.8733,251.07758231657303,0.0
3.8933,252.37863518310004,0.0
3.9134,253.6796928981916,0.0
3.9335,254.98075542582168,0.0
3.9535,256.28182278400334,0.0
3.9736,257.5828949727365,0.0
3.9936,258.8839720100344,0.0
4.0137,260.18505385987066,0.0
4.0338,261.4861405582719,0.0
4.0538,262.78723206921137,0.0
4.0739,264.0883284287159,0.0
4.094,265.38942961877206,0.0
4.114,266.6905356213661,0.0
4.1341,267.99164647252553,0.0
4.1542,269.29276213622273,0.0
4.1742,270.5938826484855,0.0
4.1943,271.89500797328583,0.0
4.2143,273.19613816466574,0.0
4.2344,274.4972731505693,0.0
4.2545,275.79841298503857,0.0
4.2745,277.09955763204516,0.0
4.2946,278.4007071276177,0.0
4.3147,279.7018614357275,0.0
4.3347,281.00302059240323,0.0
4.3548,282.3041845796306,0.0
4.3749,283.6053533793952,0.0
4.3949,284.90652700971117,0.0
4.415,286.20770547057873,0.0
4.435,287.50888878001257,0.0
4.4551,288.8100769019832,0.0
4.4752,290.1112698725203,0.0
4.4952,291.4124676555941,0.0
4.5153,292.71367028723444,0.0
4.5354,294.0148777314114,0.0
4.5554,295.31609000613986,0.0
4.5755,296.61730712943506,0.0
4.5956,297.9185291373279,0.0
4.6156,299.21975592172663,0.0
4.6357,300.5209875186615,0.0
4.6557,301.8222239641636,0.0
4.6758,303.1234652222017,0.0
4.6959,304.4247113288069,0.0
4.7159,305.72596222993235,0.0
4.736,307.0272180156566,0.0
4.7561,308.32847857788505,0.0
4.7761,309.6297440066967,0.0
4.7962,310.9310142480441,0.0
4.8163,312.232289337959,0.0
4.8363,313.53356925842564,0.0
4.8564,314.8348539914277,0.0
4.8764,316.1361435729975,0.0
4.8965,317.43743796710277,0.0
4.9166,318.7387372097758,0.0
4.9366,320.04004126498415,0.0
4.9567,321.34135018677705,0.0
4.9768,322.6426639211051,0.0
4.9968,323.9439824859849,0.0
5.0169,325.24530586339955,0.0
5.0369,326.54663408938256,0.0
5.057,327.8479671459173,0.0
5.0771,329.1493050149867,0.0
5.0971,330.4506477326246,0.0
5.1172,331.7519952627971,0.0
5.1373,333.0533476415383,0.0
5.1573,334.354704832814,0.0
5.1774,335.65606685464115,0.0
5.1975,336.9574337070198,0.0
5.2175,338.2588054079675,0.0
5.2376,339.56018192144927,0.0
5.2576,340.86156330151766,0.0
5.2777,342.1629494761027,0.0
5.2978,343.4643404812392,0.0
5.3178,344.765736334945,0.0
5.3379,346.0671370011846,0.0
5.358,347.3685425159936,0.0
5.378,348.6699528433365,0.0
5.3981,349.9713680372668,0.0
5.4182,351.2727880257127,0.0
5.4382,352.57421286272836,0.0
5.4583,353.87564251227747,0.0
5.4783,355.1770770103964,0.0
5.4984,356.47851630303023,0.0
5.5185,357.7799604622523,0.0
5.5385,359.081409452026,0.0
5.5586,360.3828632543329,0.0
5.5787,361.6843219052098,0.0
5.5987,362.9857853686198,0.0
5.6188,364.28725368060003,0.0
5.6389,365.58872680511314,0.0
5.6589,366.8902047601777,0.0
5.679,368.1916875457939,0.0
5.699,369.4931751799806,0.0
5.7191,370.7946676266999,0.0
5.7392,372.0961649219898,0.0
5.7592,373.3976670298122,0.0
5.7793,374.6991739862054,0.0
5.7994,376.0006857731502,0.0
5.8194,377.30220237262733,0.0
5.8395,378.60372382067544,0.0
5.8596,379.90525008125564,0.0
5.8796,381.206781190407,0.0
5.8997,382.50831709407066,0.0
5.9197,383.80985788234494,0.0
5.9398,385.11140348315126,0.0
5.9599,386.41295391450916,0.0
5.9799,387.7145091583988,0.0
6.0,389.01606925085997,0.0
